{
    "loss": 4.610219478607178,
    "accuracy": 0.7302631735801697
}