{
    "loss": 1.798397183418274,
    "accuracy": 0.8037542700767517
}